{"29xc83sott7wc21mlni58": [2957, "2THEzimms2", 192740.9808740001], "29sgp24f1uorbc6vq8d2k": [2451, "dotindex", 243560.85331650026], "2czbtyaqtbjo89sut7jqd": [2072, "Thezra325", 430448.2161600006], "29st9jdcbxxotp0t9d8en": [2069, "Mystery8281", 166781.64068389992], "29wvwcyosrr43a72at6m5": [1829, "Poggggg", 187735.1086999998], "29ffxg2ijqxyrgxyy2vjj": [1575, "FROSTY_CROSS", 265078.8980800004], "29wytcje12nmxfatcofke": [1557, "BurningAlpaca", 131302.8608730001], "2b2plkhwfthpvqrtq90em": [1457, "Pack_VR", 165234.81034000026], "2bojjyjkmhegoqt73au7m": [1441, "FitArtist334071", 266241.4290289997], "290oi9frh8eihrh1r5z0q": [1257, "Slin", 230513.54217000015], "2bgyhql8flu7rykokzr0l": [1131, "Glingust", 123928.14096400015], "2bl9jjc7y3wk79lt283xx": [1131, "EvildragonVR", 99593.34858400005], "2bdgvs9mq43grmiabk1bk": [1120, "betterthanNskc7", 138620.95975999994], "29gxtryykgnblu5xvdip8": [1109, "Duckdabro", 99552.23295799989], "2c9uw1hmr8t6d32l50qha": [1102, "GVPikachu", 118640.96264200014], "2a6ekr378kiwrrodjri7e": [1067, "YelloducVR", 204255.162598], "2b5f06beql4s712awjzd1": [1052, "oculus_crab07", 116380.5503440001], "2ap647di3dc1k42jf4o2o": [1011, "yO0hooVrrr", 83473.18912799988], "29w20l59y1m2zkzhkojnu": [958, "Mrs.Madlord", 142537.6666569999], "2a8031alixx3u6tyu2a7k": [940, "iamaverag8", 186895.3302989999], "29rhk9gdy7iiza0k3tttk": [936, "Trap11190", 64606.23152799994], "2ao2wbj2hjofkofthq2vh": [931, "tylerlion", 67930.15690599997], "29srqtwaq08zzhp3kng3u": [923, "CoblerB1", 121850.87621999993], "2bf8hyynuelajywj9k4n7": [910, "Polaris8477", 206118.41344700006], "2bkj2x1tozu1cwg34wcpt": [881, "8875rx", 78441.03300699998], "2a16lrhk70q0s94hkbdwz": [881, "BWLBuck", 149379.96556899988], "29id5ta7mb54j28tz6wfe": [821, "Convrist", 106355.88675000008], "2bvy4htc1ihhkf23hxxce": [817, "BigDum", 70735.807919], "2axkwzh6f43g1regf401p": [812, "OreO_GaminG", 67486.18665800002], "2dlr78lrqstygz3nqf9af": [803, "juicyvrr", 56985.908213999974], "2c1ac2ajubr0ftd3d0gsd": [798, "Julian_fun", 143694.04092999996], "29nxcg0chi4uqcj7yk7f4": [786, "Insert.vr", 183838.850744], "2ap0yu9y9g2lcvxbc5x3g": [784, "x.alwxx", 108494.66958999983], "29rf0j9ksurlx1zybi2gm": [751, "Doge786", 123580.99755200004], "2ak0ysv35egakgfilswpy": [736, "EBspark", 93600.63215999992], "2a0r12prnob1y78t7wqpn": [715, "Dyght_light", 52215.81314499998], "2ao6urm519y3ttg54n20m": [712, "YLLF", 95502.60846799992], "29qeyt8s1biu4e22e8653": [708, "brandonhamrick", 64477.997679999964], "2agnws553se4jxb8sbnpo": [685, "vrshirleys", 126429.88292600006], "29rqdxks1jyqbrdnw6ggs": [679, "cydigi3", 76575.35956400006], "29rkswgx13q8mej7mxdg6": [660, "AFT_Daring", 87579.24487209992], "2dgh7p452cx6x6sik64q0": [652, "Parkeeeee", 75678.31067400011], "2apqgju0ttomc3mztt3p6": [652, "Iegendary", 32004.48670900002], "29s8ukg906xmbviy554so": [647, "KleptoMiner", 93044.79253899994], "29y5xtwiv6shb636vdb9c": [634, "SuperMeow10", 81461.21798000004], "2ahr07me5t3733z0ple9h": [629, "PA4TYVR", 55870.97430700002], "2b7anf6j52v10xfy419nh": [616, "avocadoboy29", 170865.03082900002], "2cmndb6aqd04eegbagxbo": [612, "vestria", 28384601.32804302], "29uv38c0g6ybrxlaql9or": [604, "nolan8420", 55395.498724], "29px3pmrktk2sms8qmvqb": [596, "CokeDeee", 53122.066186999975], "2dgphzu61c0uxhiq1cych": [585, "JBord25", 66404.03925900001], "2cse0rwhzexnleljzk7g3": [585, "JiggleTets", 115569.39065999996], "29qv44zsn1bl7muilse95": [583, "Ryzx", 25039.528010000005], "2br3r3beexa8hy0yw4c6z": [582, "llamaisbad", 37893.824368999994], "2bmmn2miw2opz93rsr4wf": [581, "Cernsberger", 86215.43040000006], "29ezo6a90tadi40tflojy": [580, "fargoshark", 82699.66188000006], "2cv2k0s9j3dp3rglfmblc": [575, "SuperBlueCheese", 46945.89588000004], "2c7oqjunzn6dwy7rv6i96": [571, "HYBR1D", 41650.84866], "2bmbn2tcbm89x9wv2idh1": [569, "Rockyraider", 140696.50356899985], "29k763epg4asdivyctend": [565, "GRAY_820", 86529.5166100001], "2b98oapjfx05t5nq33xpp": [553, "crazysherman2", 40283.570978000025], "2cpxurzwvw294smzl1100": [542, "Mr.PaintVR", 93192.20777899996], "2bfvrc4s5i5o19uyevvrc": [530, "mboss007", 19469.128199999996], "29udv6q207r9ehlyn3zp1": [530, "Sherbear79", 22215.45827999999], "2a09tvja9dic8lchjkata": [527, "Droplet___Gamer1226", 35700.21130999997], "29zwujsnjq6iu1jqa4keo": [511, "levi8020", 67674.27951999995], "29z0nxar0nqsefbvvly4k": [511, "Neville_Tiger_Strike", 57385.47381999994], "2cj6360mb3vzq6m87idlc": [499, "BrantleyGamingVR", 39898.166275999996], "2blld08xnu1l7ymi7qgdk": [493, "breadgenix", 59864.74697999997], "29wqa67tov5nq1kmxsr2l": [493, "NewSynthesis", 43470.055079000005], "2c1aqs4qqftikofnp34sn": [488, "DUCK.l0v3r", 38759.82268600004], "2b7djrxoy32zfr0tx703g": [484, "FURRYTWO", 42385.10297], "2abebn7t4lq4ydl89oxje": [469, "FruitByTheFist", 62685.406779999954], "2bterl3ccauezuz1slu3y": [466, "phantomzombie.2023", 55864.11301999996], "2bf5tjn2m3gdimm22z7w0": [462, "sillyboy_vr", 37463.63341699997], "2dxijur2sv4g5xn5uzbti": [462, "MotherGooseof8", 72657.37711000003], "2cxd9zf546ql6leybam6b": [455, "jake4831", 35928.21346799997], "2be7njc2pvy2nbv7qlho1": [455, "gunnboy97", 63777.52760999998], "29yec0gze33pi66el8naw": [455, "LILYSSADWORLDD", 42285.09275999997], "2a0lvcwp1mmrqwbzy9xkv": [454, "RadioIV", 66055.21628999998], "2c0g0vag10vipkvj3jwq8": [452, "kozmic60", 52560.474675999954], "2a0ww6psn1b42o4ziik88": [451, "Logicals_Silly", 101626.9233500001], "2aer1ouapoy5r6fidnezr": [451, "AzimuthGT", 30625.18028800001], "2am015n3aa6sebl0p6923": [448, "rougueRunner", 43003.45387999996], "2bt1j9owykx3qrnr8ilbv": [442, "PNUT.73", 72490.02054000004], "2bgic04fd2ogqdnfskf6m": [438, "RCD24", 30031.584327999986], "29gmek2pnwqqx27g565hs": [436, "Standi", 73580.26076000002], "2a2x6ld8bmv9k29y6yusw": [434, "DamondStrke", 46634.714597], "2b65xit4k32pv51wy9lea": [426, "fart.mp4", 20565.028529], "2bs9a0kjj1uhssit33q3e": [426, "BernanaBread", 49015.238967999954], "2c0vvrzpz3uv0mp3n30r5": [424, "AysonBoi", 75086.3579], "2ajh3ta3oul1bb2sw66r5": [422, "freezeeduck", 35956.388577000005], "2c0lrcakw7ge2uyuuqfk3": [419, "Doodl3sss1512", 41800.323259999925], "2cale1htizlwscwedg1r7": [417, "Light_Awlx", 34612.21345799998], "2d0q9g52rhd4c8hsjasta": [412, "ok.hi.669981", 39958.01540600004], "2dqjmqd7mdzajznntketm": [411, "VanDoozerVR", 27602.06997000001], "2c8c2dxbutxt7bi26xwwf": [408, "V1de0", 47781.25514700001], "2cryril20wvakeozbsknk": [408, "Itsbonkey", 40978.37898400002], "2crkdgbhacvirxsi3cswb": [403, "OtherWorldWeirdo", 44053.207818999974], "2d586to5iar5fmh8vlgi7": [393, "Thezra_sidekick", 49990.33657899999], "2c0r7qf181vgbcnxb3285": [392, "invert132", 52465.36837000002], "29zta0isiiyznub5g9xhd": [391, "TheGalaxyOfYoutube", 47827.045649999985], "29lmdv56fjch18bes1u2j": [389, "Caziggy", 75596.15406999993], "2a33b1vaktmxzo9wiftam": [386, "ItsTrickyTrickyDicky", 29483.936470000004], "2ag433l3twx7riwlmg0h7": [383, "CatCreaze", 32592.120019000005], "2b0an06iko4dlrx80hzts": [379, "trippie-kidd", 63979.886789999975], "2dls2qc0ynohlh1h5hylb": [378, "chillyisu", 24590.841548999997], "2chr39p0bdzfbxzatpcp4": [378, "S1is3r", 38693.967957000015], "2anras2bvr6wtdrk2500r": [376, "kmastervr", 31344.055527], "2c52qodt76x8fn8o23su1": [375, "Oreo_on_vr", 21057.707298000005], "2awuwy1vfa7jyv67tyeli": [371, "Haspoop", 91580.618549], "2aw06b0if6j71h3ukt2ir": [369, "Masterpay", 55174.40574999998], "29ztff7purjtla0n4ake9": [369, "LightsOut345", 40413.30374999999], "2c265k7puq5nt7i4vqmyu": [367, "Rlfty.vr", 36108.59813000001], "2blgd8unf5ztm9e6b6e8m": [366, "HargraveVR", 34245.96036400003], "29rbyudpcet6wdy3iidd4": [357, "TLTT", 75241.85675999991], "29mu59yo9pbgwqloqhthe": [357, "littlebeastM8", 57578.676769999925], "2baydbvctvw597zvmx6ry": [356, "TrashPandas103112", 58530.85389999999], "2cft3y5vpwwbjj3m1zu7r": [354, "Watuprainb0w", 36989.788347000016], "2ctxred9srmtrfk2eghwo": [352, "John.Satterstrom79", 34605.82492800001], "29qt9i4e2th1db3i02aqm": [352, "OtterBoy06", 40549.264879000024], "2b6xz7gf4az5gx4nxfyk0": [351, "Frevr", 36916.30004999998],