{"29xc83sott7wc21mlni58": [2975, "2THEzimms2", 195235.16238400014], "29sgp24f1uorbc6vq8d2k": [2466, "dotindex", 243963.82476550023], "2czbtyaqtbjo89sut7jqd": [2139, "Thezra325", 448321.0878300008], "29st9jdcbxxotp0t9d8en": [2090, "Mystery8281", 169124.56853389984], "29wvwcyosrr43a72at6m5": [1830, "Poggggg", 187735.6606999998], "29wytcje12nmxfatcofke": [1647, "BurningAlpaca", 141824.3875410002], "29ffxg2ijqxyrgxyy2vjj": [1579, "FROSTY_CROSS", 265751.8367800004], "2bojjyjkmhegoqt73au7m": [1476, "FitArtist334071", 269651.0359689998], "2b2plkhwfthpvqrtq90em": [1454, "Pack_VR", 165190.09042000026], "290oi9frh8eihrh1r5z0q": [1268, "Slin", 231705.2332700001], "2c9uw1hmr8t6d32l50qha": [1179, "GVPikachu", 126113.27105200016], "2bgyhql8flu7rykokzr0l": [1141, "Glingust", 123368.00203400014], "2bl9jjc7y3wk79lt283xx": [1139, "EvildragonVR", 103126.57268400003], "2bdgvs9mq43grmiabk1bk": [1116, "betterthanNskc7", 138230.2679599999], "29gxtryykgnblu5xvdip8": [1113, "Duckdabro", 100023.15177799988], "29w20l59y1m2zkzhkojnu": [1090, "Mrs.Madlord", 168396.3567350001], "2a6ekr378kiwrrodjri7e": [1066, "YelloducVR", 204253.686598], "2b5f06beql4s712awjzd1": [1059, "oculus_crab07", 117462.29442400015], "2ap647di3dc1k42jf4o2o": [1031, "yO0hooVrrr", 85746.2396579999], "2a8031alixx3u6tyu2a7k": [948, "iamaverag8", 187050.10654899996], "29rhk9gdy7iiza0k3tttk": [941, "Trap11190", 65064.90122699993], "2ao2wbj2hjofkofthq2vh": [928, "tylerlion", 67849.98681599998], "29srqtwaq08zzhp3kng3u": [924, "CoblerB1", 122062.41191999994], "2bf8hyynuelajywj9k4n7": [916, "Polaris8477", 206754.53808700005], "2bkj2x1tozu1cwg34wcpt": [900, "8875rx", 80635.729727], "2a16lrhk70q0s94hkbdwz": [888, "BWLBuck", 150657.01976899983], "2dlr78lrqstygz3nqf9af": [880, "juicyvrr", 66834.80490300001], "2c1ac2ajubr0ftd3d0gsd": [878, "Julian_fun", 151529.9021], "2bvy4htc1ihhkf23hxxce": [841, "BigDum", 72012.52319900002], "29id5ta7mb54j28tz6wfe": [836, "Convrist", 108854.94865000005], "2bgic04fd2ogqdnfskf6m": [827, "RCD24", 44253.60160700001], "2axkwzh6f43g1regf401p": [811, "OreO_GaminG", 67413.35365800002], "29rf0j9ksurlx1zybi2gm": [808, "Doge786", 131078.87317200008], "2ap0yu9y9g2lcvxbc5x3g": [789, "x.alwxx", 109978.14498999986], "29nxcg0chi4uqcj7yk7f4": [788, "Insert.vr", 184206.500344], "2ak0ysv35egakgfilswpy": [750, "EBspark", 95957.82650999994], "2ao6urm519y3ttg54n20m": [739, "YLLF", 99282.83789699989], "2dgh7p452cx6x6sik64q0": [725, "Parkeeeee", 81509.67081400011], "2a0r12prnob1y78t7wqpn": [715, "Dyght_light", 52215.813144999986], "29qeyt8s1biu4e22e8653": [708, "4ACE", 64430.575679999965], "29s8ukg906xmbviy554so": [683, "KleptoMiner", 98487.86229899994], "2agnws553se4jxb8sbnpo": [683, "vrshirleys", 126371.65690600006], "2cmndb6aqd04eegbagxbo": [682, "vestria", 51896.835802999994], "2dqjmqd7mdzajznntketm": [678, "VanDoozerVR", 28435.705922000023], "29rqdxks1jyqbrdnw6ggs": [678, "DevilTheYeep", 76811.64249900005], "29rkswgx13q8mej7mxdg6": [657, "AFT_Daring", 87463.72397209992], "2ahr07me5t3733z0ple9h": [653, "PA4TYVR", 59937.522217], "2b7anf6j52v10xfy419nh": [651, "avocadoboy29", 177292.08582900002], "2apqgju0ttomc3mztt3p6": [651, "Iegendary", 31917.15620900002], "29y5xtwiv6shb636vdb9c": [633, "SuperMeow10", 80962.36821000004], "2dgphzu61c0uxhiq1cych": [632, "JBord25", 75651.45774900005], "2br3r3beexa8hy0yw4c6z": [622, "llamaisbad", 38962.387427999995], "29uv38c0g6ybrxlaql9or": [617, "nolan8420", 56226.37723499999], "29zwujsnjq6iu1jqa4keo": [610, "levi8020", 73119.01821000001], "29px3pmrktk2sms8qmvqb": [595, "CokeDeee", 53120.095186999984], "2cv2k0s9j3dp3rglfmblc": [593, "SuperBlueCheese", 48660.09291000005], "2bmbn2tcbm89x9wv2idh1": [593, "Rockyraider", 143867.81426899982], "2cse0rwhzexnleljzk7g3": [588, "JiggleTets", 116062.48095999997], "29ezo6a90tadi40tflojy": [586, "fargoshark", 83589.21478000007], "2bmmn2miw2opz93rsr4wf": [581, "Cernsberger", 86215.43040000006], "29qv44zsn1bl7muilse95": [580, "Ryzx", 24922.264740000002], "2cpxurzwvw294smzl1100": [579, "Mr.PaintVR", 95371.058809], "2c7oqjunzn6dwy7rv6i96": [571, "HYBR1D", 41650.84866000001], "29k763epg4asdivyctend": [569, "GRAY_820", 87004.52794000009], "2b98oapjfx05t5nq33xpp": [553, "crazysherman2", 40372.21395800003], "29udv6q207r9ehlyn3zp1": [529, "Sherbear79", 22170.447279999993], "2bfvrc4s5i5o19uyevvrc": [527, "mboss007", 19459.274199999996], "2a09tvja9dic8lchjkata": [526, "Droplet___Gamer1226", 35689.246309999966], "29z0nxar0nqsefbvvly4k": [515, "Neville_Tiger_Strike", 57738.56191999994], "2cj6360mb3vzq6m87idlc": [498, "BrantleyGamingVR", 39897.10827599999], "29wqa67tov5nq1kmxsr2l": [493, "NewSynthesis", 43470.055079000005], "2blld08xnu1l7ymi7qgdk": [491, "breadgenix", 59427.24897999997], "2c1aqs4qqftikofnp34sn": [489, "MindOfNeo14", 38799.783686000046], "2be7njc2pvy2nbv7qlho1": [486, "gunnboy97", 108463.30650000012], "2b7djrxoy32zfr0tx703g": [482, "FURRYTWO", 42358.32796999999], "2cxd9zf546ql6leybam6b": [477, "jake4831", 36979.235657999976], "2bf5tjn2m3gdimm22z7w0": [475, "sillyboy_vr", 39242.74734699997], "2dxijur2sv4g5xn5uzbti": [470, "MotherGooseof8", 74391.83160000005], "2c0g0vag10vipkvj3jwq8": [469, "kozmic60", 54569.368595999964], "2abebn7t4lq4ydl89oxje": [465, "FruitByTheFist", 60691.813899999965], "2bterl3ccauezuz1slu3y": [464, "phantomzombie.2023", 55821.15311999996], "2bs9a0kjj1uhssit33q3e": [457, "BernanaBread", 52221.05549799996], "2bt1j9owykx3qrnr8ilbv": [455, "PNUT.73", 74347.18714000005], "2a0lvcwp1mmrqwbzy9xkv": [454, "RadioIV", 66849.69558999996], "2a0ww6psn1b42o4ziik88": [453, "Logicals_Silly", 102559.4482100001], "29yec0gze33pi66el8naw": [453, "LILYSSADWORLDD", 42160.49365999997], "2aer1ouapoy5r6fidnezr": [451, "AzimuthGT", 30625.149288000008], "2crkdgbhacvirxsi3cswb": [449, "OtherWorldWeirdo", 48389.808328999985], "2am015n3aa6sebl0p6923": [448, "rougueRunner", 43003.45387999996], "2c0vvrzpz3uv0mp3n30r5": [447, "AysonBoi", 76790.93864000002], "2dls2qc0ynohlh1h5hylb": [438, "chillyisu", 32089.936448999993], "2a2x6ld8bmv9k29y6yusw": [434, "DamondStrke", 46634.714597], "29gmek2pnwqqx27g565hs": [433, "Standi", 73564.84016000002], "2d586to5iar5fmh8vlgi7": [432, "Thezra_sidekick", 52669.45661899999], "2b65xit4k32pv51wy9lea": [432, "fart.mp4", 21535.775029000004], "2c0lrcakw7ge2uyuuqfk3": [424, "Doodl3sss1512", 41846.96318999993], "2ajh3ta3oul1bb2sw66r5": [421, "freezeeduck", 35759.747817], "2cale1htizlwscwedg1r7": [415, "Light_Awlx", 34572.877657999976], "2c8yr1d2s5ohk9i9gm71i": [412, "Someone5K15", 56408.10139000002], "2d0q9g52rhd4c8hsjasta": [409, "ok.hi.669981", 39806.319356000036], "2cryril20wvakeozbsknk": [406, "chickns", 40972.04299400001], "2c8c2dxbutxt7bi26xwwf": [402, "V1de0", 47823.76627700001], "2c0r7qf181vgbcnxb3285": [396, "invert132", 53318.88120000002], "29lmdv56fjch18bes1u2j": [393, "Caziggy", 75841.87436999993], "2b0an06iko4dlrx80hzts": [390, "trippie-kidd", 59717.05308999998], "29zta0isiiyznub5g9xhd": [390, "TheGalaxyOfYoutube", 47802.88574999998], "2anras2bvr6wtdrk2500r": [387, "kmastervr", 31615.104947000003], "2a33b1vaktmxzo9wiftam": [383, "ItsTrickyTrickyDicky", 29014.290270000005], "2ag433l3twx7riwlmg0h7": [377, "PuddingVR", 32264.71257900001], "2c52qodt76x8fn8o23su1": [376, "Oreo_on_vr", 21106.943488000004], "2awuwy1vfa7jyv67tyeli": [374, "Haspoop", 92309.700589], "2chr39p0bdzfbxzatpcp4": [373, "S1is3r", 38410.62685700001], "2c3bqx3nez840cbp3hnub": [370, "100Volts", 40137.41221399997], "2ctxred9srmtrfk2eghwo": [369, "John.Satterstrom79", 36544.29241800002], "2aegug4x23jjnj2ehnjyl": [369, "Rowshambow", 30862.47062799997], "2aw06b0if6j71h3ukt2ir": [369, "Masterpay", 55174.40574999998], "29ztff7purjtla0n4ake9": [368, "LightsOut345", 40385.36104999999], "2by352xpt7xmb5mwieqjg": [365, "BurpingMusquito", 29349.430648999994], "2c265k7puq5nt7i4vqmyu": [365, "Rlfty.vr", 36164.38903000001], "2blgd8unf5ztm9e6b6e8m": [364, "HargraveVR", 34249.58936400003], "2cft3y5vpwwbjj3m1zu7r": [363, "Watuprainb0w", 37918.71373700002], "29rbyudpcet6wdy3iidd4": [363, "TLTT", 76914.2825599999],